headline,nickname,abstract,website,time,word,view,like
忙里偷闲，闲逛江南水乡——绍兴,筱厨君,似乎从7月份以来，就没正儿八经地出去玩过，所以这一次，趁着周末，心血来潮跟着室友去啦一趟绍兴。 坦白说，这并不是一篇专门的游记，因为出游的目的是...,https://www.jianshu.com/p/3b2dd9be9be6,2018.11.05 22:03,字数 2005,阅读 6,喜欢 0
Desk Tour | 手把手教你打造颜值超高的温馨书桌,小宇的元气星球,大家好哇，我是小宇。 拥有一张好看的书桌才能认真学习和工作，不知道大家是不是也有这样的感受呢？ 每次在ins上看到博主们美貌的书桌，我都会想如果...,https://www.jianshu.com/p/42c0b1746532,2018.11.05 16:35,字数 1211,阅读 199,喜欢 11
冬季干燥加湿器如何选？这篇告诉你答案,我会上天,天气一步步转凉，马上就要进入瑟瑟发抖的冬天了，干和冷是冬季空气的两大特点，不过现在家家户户几乎都有了空调，不过因为空调的原理，室内空气的水分又减...,https://www.jianshu.com/p/eb65d5faa20b,2018.11.05 16:23,字数 2550,阅读 23,喜欢 0
孕期待产坐月子攻略总结－来自85后二胎妈妈,玥玥玛,近期又有朋友问起孕期待产的准备，还有养娃经验啥的，经她提醒，作为同龄人中比较超前的二胎妈妈，也厚着脸皮来总结个123，希望或多或少对各位新手妈咪...,https://www.jianshu.com/p/e559f007c7d7,2018.10.29 15:37*,字数 2325,阅读 309,喜欢 2
10款价格不贵效果超好的沐浴露推荐，赶紧种草吧！,做你可爱的梦,大家好，最近有人给我留言说想让我推荐一下沐浴露，那么今天来给你们分享一些我自己用过的价格不贵，非常好用的沐浴露，希望你们会喜欢哦！ 耐斯澎澎沐浴...,https://www.jianshu.com/p/96787e04fa2d,2018.11.05 07:27*,字数 1293,阅读 34,喜欢 0
蜜汁糯米莲藕，甜过初恋般的感觉,惠顾星辰,每年春暖花开时，用作藕种的莲藕会长出嫩芽，找到有水有淤泥的地方，把它整个栽进去，就会扎根茁壮成长。 从“小荷才露尖尖角”的初夏到“接天莲叶无穷碧...,https://www.jianshu.com/p/17aa8efd97fa,2018.11.05 15:50,字数 1084,阅读 45,喜欢 3
星巴克的“焦糖玛奇朵”，你知道它名字的寓意吗？,吃喝玩乐事儿,“你好，两杯焦糖玛奇朵，热的，中杯，谢谢！” 站在我面前，穿着小碎花裙的女孩，跟星巴克服务员说道。 “为什么不点拿铁、卡布奇诺？我觉得它们好喝”...,https://www.jianshu.com/p/c2de3ff1b9ab,2018.11.05 11:52,字数 2392,阅读 83,喜欢 1
不做引体向上，不练高位下拉，这4个动作也能让你在家练背！,波普董健身,离了健身房就练不了背？这4个徒手动作，在家就能练背肌！ 最近应大家的要求，给各位分享一些徒手健身的方法。 上一期分享了徒手练胸肌的动作，除了各种...,https://www.jianshu.com/p/f7cc7e159fbb,2018.11.05 11:26,字数 1048,阅读 56,喜欢 1
秋冬季在阳台种这10种蔬菜，耐寒好种又好看！,蓝妖花园,阳台除了养花，还可以种菜，自己在阳台上亲手种一些新鲜的有机蔬菜，吃起来真的是非常的美味，那冬天可以种些什么蔬菜呢？有没有比较耐寒不怕冷的蔬菜呢？...,https://www.jianshu.com/p/0037fe31cd90,2018.11.05 09:49,字数 847,阅读 41,喜欢 1
从小陪伴女儿的爸爸，为什么会对不正常的父女关系恶心？,幼儿说,爸爸可以对女儿有亲密的行为吗？ 最近带小朋友外出玩耍，在公园的公共洗手间旁边的小路上，一位爸爸帮女娃儿换裙子，小女娃在哭闹，小裙子湿漉漉的。有大...,https://www.jianshu.com/p/a45c49d85f68,2018.11.05 08:48,字数 1848,阅读 77,喜欢 0
送什么礼物给喜欢电竞的男朋友？,桑塔露露的礼物盒,英雄联盟世界杯比赛终于结束啦～～恭喜中国队IG获得英雄联盟世界杯冠军！ 今天想推荐一下适合送给电竞爱好者的礼物，助TA玩游戏的时候Carry全场...,https://www.jianshu.com/p/882fbd1e9d64,2018.11.05 07:52,字数 1290,阅读 25,喜欢 0
北欧简约清新风—火烈鸟跟花（十一）,阳阳君,好多水彩大神都有画过火烈鸟，今天也来凑热闹绘画一副火烈鸟跟花，绘画的素材来源于微博。 自从开始沉迷于抖音之后，发现好多朋友把大学宿舍装饰的简直像...,https://www.jianshu.com/p/e7cd6ffb56f0,2018.11.04 23:00,字数 1096,阅读 70,喜欢 3
好物安利（一）,一个人的小鹅厂,2018-11-03 霾 之前写了很多乱七八糟没有价值的东西，写多了自己都觉得烦了，今天就总结一下用过的好东西吧，可能是一个杂货铺啥都有，也算是...,https://www.jianshu.com/p/67abd6fe6a62,2018.11.03 23:50,字数 1126,阅读 51,喜欢 2
干皮过冬指南：那些比水光针还好用的护肤品们,飞起来的云,老规矩先说一下肤质： 夏天混油，秋冬混干的肤质，鼻翼两侧的毛孔也比较明显，眼下长了3条小皱纹，肤色之前一直比较暗沉，然后两颊也有红血丝，是轻微敏...,https://www.jianshu.com/p/db69f77cb1dc,2018.11.03 23:12*,字数 1667,阅读 55,喜欢 3
实用靠谱的娱乐圈儿双十一时尚穿衣指南！拿走不谢！,王爷万安,马上就是万众瞩目的双十一购物节了，小伙伴们准备好“玩儿命剁手为红颜”了咩？ 娱乐圈儿的女童鞋可个个都不是省油的灯，即便在冬天的冷风中瑟瑟发抖，也...,https://www.jianshu.com/p/55fed4eb0355,2018.11.04 13:32,字数 2649,阅读 35,喜欢 1
【早早美妆篇1】学生党平价化妆品推荐！(附带使用感和自己发明的使用方法),早早say早早,推荐都是自己近期使用的感觉很不错的平价产品，好多都用铁皮了哈哈哈，是真的好用，我会说一下我的使用感，有的彩妆也会说一下上妆手法，个人觉得是很实在...,https://www.jianshu.com/p/813b850f2bfb,2018.11.03 20:28*,字数 1182,阅读 67,喜欢 2
摄像头它最酷，智能AI可以媲美天眼，还有天猫附身,数码爵士,自动跟踪摄像头只在电影中看过，没想到竟然做出来了，仅229元 现在的智能摄像头都很普及了，新闻上经常能看到它们的监控的视频，在家庭安防上起到很大...,https://www.jianshu.com/p/fe18d81028b5,2018.11.03 20:04,字数 1647,阅读 24,喜欢 0
皇后锅:十六种鱼的做法，绝对能让你压得住场子！,闪亮缘梦,小时候，家里一直用吃鱼会变聪明的理由逼着吃鱼，现在早就不用家里编理由啦，这么好吃的人间美味，几个人能忍住诱惑。 1、【口水鱼的做法】 原料: 花...,https://www.jianshu.com/p/b90d85d8a5be,2018.11.04 15:23,字数 4962,阅读 41,喜欢 2
20款平价百搭毛衣∥必须入手的秋冬显瘦小能手!,做你可爱的梦,大家好！！ 双十一将近，我又忍不住准备剁手买买买了，去年的衣服已经配不上你今年的美貌了有没有！ 秋冬季节里可以说是毛衣的天下，不管是做内搭还是单...,https://www.jianshu.com/p/48c55e561ee9,2018.11.04 15:47,字数 941,阅读 42,喜欢 1
9个虐腹动作，随便挑5个，让腹肌显现计划提上日程！,波普董健身,虐腹不只为练出腹肌，9个动作挑5个，练不出腹肌也能增强核心！ 多数人对腹肌都存在执念，体脂的高低决定不了渴望腹肌的态度，但低体脂绝对是让腹肌显现...,https://www.jianshu.com/p/c9769b726298,2018.11.04 09:43,字数 956,阅读 89,喜欢 6
一大波冷空气来袭，这些花再不赶紧收起来，小心只剩盆啦！,蓝妖花园,最近天气越来越冷，马上就要立冬了，眼看这冷空气就要来了，您的盆栽准备好过冬了吗？ 最近很多花友，问蓝妖，气温下降了，月季要搬进室内吗？会不会被冻...,https://www.jianshu.com/p/8209f48f9ca1,2018.11.04 09:25,字数 882,阅读 27,喜欢 0
雅漾 · “安心霜”来了 | 点评,莫嫡Morettie,【引子】 莫叔，雅漾的舒缓特护系列，配方换了，求分析 这次选了雅漾舒缓特护系列的4个产品来做分析 雅漾 舒缓特护保湿乳 雅漾 舒缓特护保湿霜 雅...,https://www.jianshu.com/p/90c52ead0417,2018.11.04 08:55,字数 760,阅读 130,喜欢 5
踏出考场的哀怨，不如复习来的更踏实,阳阳君,今天陪考朋友参加教师资格证的考试，考场附近比较荒芜，就蹲在学校门口的花坛一天，全天目睹考生的进场跟出场。 进场的时间比较统一，只能听到人挤人的嘈...,https://www.jianshu.com/p/b766f1939092,2018.11.03 23:48,字数 1190,阅读 69,喜欢 7
双十一攻略：趁双十一必须屯一波面膜呀！最低1元1片！,100件好物推荐,不知不觉已经是11月份了 这意味着双十一就在不远处了！ 今天依旧是双十一特辑！ 面膜是女孩子的必需品！ 化妆前、日常护肤都得用到 而且他是消耗品...,https://www.jianshu.com/p/27a9b40c0d8f,2018.11.03 11:46,字数 1297,阅读 75,喜欢 3
好物推荐丨十月,Luo落小满,➊ 好物丨护肤 选护肤品的第一步是要了解自己是什么肤质，再对症补给。我是干皮，干皮最重要的一步是补油而不是补水，所以...,https://www.jianshu.com/p/f630cd8b0898,2018.11.03 10:52,字数 1135,阅读 74,喜欢 2
1秒制作像素图，你GET了吗？,范特茜,做手工经常会用到像素图，也许你有其他用途，whatever，今天范范教你超级简单的像素图制作方法，秒级的速度！ 先拜乔帮主，感慨2005年他在斯...,https://www.jianshu.com/p/2bf4af67e7fb,2016.12.24 20:39*,字数 1239,阅读 6504,喜欢 5
叨叨棒针1：菱形花样蝙蝠袖套头衫,范特茜,"Hey, I'm back.时隔17个月后在简书码字，有些小激动！这17个月我去干嘛了？这里就不说了（小贱一下）～收收躁动的心，咱们继续唠叨棒针...",https://www.jianshu.com/p/6a8b6721a9a8,2018.11.02 22:03,字数 1544,阅读 84,喜欢 4
Maggie的美丽物语｜天干物燥，十月的琐碎与光亮,美丽君Maggie,悄悄告诉你们 关注我会越来越美哦：） by：美丽君 ♥ 晚上好，美丽的你们 Best wishes for you _ 接连被章小惠开公众号的消...,https://www.jianshu.com/p/da8367269121,2018.11.02 23:43,字数 2610,阅读 44,喜欢 1
深秋银杏拍照修图全攻略,YanChy,✨北京约拍 ✨机型:佳能6D 北京奥林匹克森林公园北园 ✨关于地点 有很多人写了各大北京好看的拍照地点，奥森啦三里屯东街地坛等等～但我要说的不是...,https://www.jianshu.com/p/21f903f1095d,2018.11.03 08:30*,字数 494,阅读 36,喜欢 0
冬天游泳的注意事项,刘振_1988,2016年1月份，一个很平常的一天，空气中能听见冷风轻轻的呼啸声，天气渐冷，我感觉到快接近回家过年的时候，有点想家。 下午6点我照常下班，在公司...,https://www.jianshu.com/p/a0be6764afe5,2018.10.20 07:58*,字数 1128,阅读 146,喜欢 4
冬天国内情侣自驾游受欢迎景点推荐，蜜月之旅这6个地方值得一去,禹佐,冬季出行的好处很多，景区人少，交通费低、住宿方便，但冬季蜜月旅行去哪里好呢，下面就为大家推荐几个适合情侣的好去处! 1、北海涠洲岛 如果蜜月旅行...,https://www.jianshu.com/p/7d097925ee7a,2018.11.03 10:26,字数 1578,阅读 55,喜欢 0
难怪你每天健身还不长肌肉！快看看这3个要点你都做对了吗？,波普董健身,肌肉增长3要素你都做对了吗？大神说这样才不会让健身成果白费！ 我问过很多人，他们走进健身房的目的就是想要雕刻出浑身肌肉，但不要像职业健美选手那么...,https://www.jianshu.com/p/7004abf5943e,2018.11.03 08:50,字数 1334,阅读 76,喜欢 1
兰蔻 · 持妆粉底棒 | 点评,莫嫡Morettie,【引子】 莫叔，兰蔻新出的粉底棒点评一下呗 我们从一个用户的使用反馈说起 1. 我是直接用来代替粉底液的 点评1：粉底类产品有很多很多... 就...,https://www.jianshu.com/p/cfb6ab72c89b,2018.11.03 08:05,字数 629,阅读 73,喜欢 1
一招解决你的专注难题,五四青年SZ,大家应该也发现，现在我们周边有太多东西吸引我们的注意力导致我们很难再专注的做一件事. 这篇文章我们就来聊聊专注的事儿，彻底解决你的不专注问题. ...,https://www.jianshu.com/p/beec1101b9ea,2018.11.02 23:10,字数 587,阅读 43,喜欢 3
女孩，巴黎女人的这种能力，你一定要学,服装搭配美学,从哈尔滨搬到了大连已有半个月啦，小窝已经布置好，是我喜欢的样子！ 地方也都熟悉的差不多了，这里的图书馆很多，设计的非常人性化，最让我高兴的是一张...,https://www.jianshu.com/p/bff979d606a1,2018.11.02 23:05,字数 2753,阅读 231,喜欢 10
孤独星球—举杯邀明月，对影成三人,阳阳君,花间一壶酒，独酌无相亲。举杯邀明月，对影成三人。月即不解饮，影徒随我身。暂伴月将影，行乐须及春。 ——《月...,https://www.jianshu.com/p/69af33db0e90,2018.11.02 22:53,字数 1149,阅读 140,喜欢 6
无需蒸煮，只要十分钟，鲜嫩多汁的抱蛋煎虾饺精彩呈现,惠顾星辰,喜爱美食是一件乐事，无论是做还是品尝。食物具有强大的治愈力量，温暖了胃，熨帖了心。 小时候，家庭的生活条件不好，物质生活极度匮乏，对吃的要求非常...,https://www.jianshu.com/p/809bf48060b1,2018.11.02 19:18,字数 1285,阅读 503,喜欢 13
宜家最值得买的9件墙面好物，颜值与实用兼备！,月球家居_LunaHome,几乎没人不喜欢宜家，因为没有人不喜欢物美价廉。 我想大家应该都看过不少宜家的好物清单，像最新上市的、最便宜的、最经典的等等，这次我们换个角度，来...,https://www.jianshu.com/p/7ff8c55f2d8f,2018.11.02 12:37,字数 1873,阅读 187,喜欢 4
不到300块钱，时髦又保暖，可盐可甜，可攻可受，你想要的潮范儿都在这里！,安甜橙树,天气阴晴不定，气温忽热忽冷，有太阳的时候穿毛衣热了，没太阳的时候单穿一件普通长袖又冷了，怎么办？ 话说这个时候就特别适合来一件卫衣，卫衣比一般长...,https://www.jianshu.com/p/300cd15fc76b,2018.11.02 12:29,字数 1702,阅读 63,喜欢 0
吃喝玩乐买礼物，这里有一份值得你收藏的深圳蛇口玩耍攻略！,美好小姐的礼物清单,美好小姐来深圳了！ 深圳真暖和！我抓住了夏天的小尾巴，穿回了收起来的短袖T恤。 这次来南方，是一点点公事加上为了庆祝生日而休个假。在深圳主要的事...,https://www.jianshu.com/p/a6548bd86b4b,2018.11.02 09:21*,字数 4145,阅读 13742,喜欢 202
宝宝成长记（二）:长了翅膀的乳牙,草根妈妈1,爱因斯坦曾说，他之所以有如此大的成就，不是因为他的天赋多大，而是因为，他总是对万事万物充满了强烈的好奇。 1岁多的宝宝别看她小，其实她已经开始探...,https://www.jianshu.com/p/a49852b0dc7a,2018.11.01 22:10*,字数 2254,阅读 27,喜欢 0
哺乳期踩进去的坑，你躲开了吗？,毛毛_3dac,宝宝现在刚满半岁，在这里说一说哺乳期那些事吧，给各位正在哺乳期或者即将进入哺乳期的妈妈一个参考。 我家宝宝是农历3月份出生的，那时候...,https://www.jianshu.com/p/f710541ca19e,2018.11.02 10:18,字数 1002,阅读 31,喜欢 0
你就是大厨——把鲜咸甜锁住的葱烧海参,抚琴听水,天气渐凉，踏着秋天的脚步，想要逼走袭人的寒气，找回内心的温存，烧菜必须选用一些温补益气的食材，针对秋天惹人困的脾气，烹制利于养精蓄锐、解缓秋乏的...,https://www.jianshu.com/p/0bf19c5c5030,2018.11.01 21:57,字数 1224,阅读 117,喜欢 4
名创优品的10元用品真的这么好用吗？被吹爆的断货款其实……,槿黛,❤️化妆海绵 我基本还会根据自己的需要任意剪出各种形状，很便宜，所以对于不想总是清洗粉扑的懒惰小红薯来说就很合适了，当做一次性的开始用，也不会心...,https://www.jianshu.com/p/f9a3e39485d4,2018.11.01 21:15,字数 849,阅读 864,喜欢 13
培养自主阅读：让小朋友抱起书就不愿放下？爸爸只说了一句话,幼儿说,今天说说好用的心理学效应。 一天早上，爸爸陪儿子读《西游记》，看到孩子进展缓慢，便寻思：“这蜗牛般的速度，怎么也要在蜗牛上装两轮子吧？”他认真地...,https://www.jianshu.com/p/0c1197dc941e,2018.11.02 11:01,字数 1933,阅读 49,喜欢 0
Fancl · 去黑头软膜 | 点评,莫嫡Morettie,【引子】 莫叔，可以点评一下fancl 去黑头洁净鼻膜吗？去黑头效果好好啊 我们从用户的使用反馈说起 1. 清洁 看下面用户的反馈 干了之后可以...,https://www.jianshu.com/p/30394ff510fb,2018.11.02 09:40,字数 1007,阅读 163,喜欢 2
在做哑铃弯举时，加入这4个小技巧，让你练出汉堡般的肱二头肌！,波普董健身,想让肱二头肌更粗壮？你需要在练哑铃弯举时，加入这4个诀窍！ 手臂这一区域的肌肉其实我们每天都在练，哪怕不去健身房，日常琐事也免不了手臂出力。 逛...,https://www.jianshu.com/p/91df1aa17a9f,2018.11.02 09:14,字数 1150,阅读 38,喜欢 1
听过却很少见过的花，一开一大串，现在种正合适！,蓝妖花园,说到鲁冰花应该很多人都听到过，“夜夜想起妈妈的话，闪闪的泪光鲁冰花”这是鲁冰花的儿歌，蓝妖小时候就听过，前些年还有一部叫鲁冰花的电影。那么鲁冰花...,https://www.jianshu.com/p/b7f049a5b9a3,2018.11.02 08:54,字数 731,阅读 68,喜欢 1
秋冬怎么穿毛衣，才能不臃肿又时尚,芳芳的爱美圣经,天气越来越冷，衣服越穿越多，很多小仙女都觉得自己越穿越臃肿，感觉自己就是一只行走的熊。 很多人秋冬离不开的毛衣，虽然保暖效果比较好，但是很多款式...,https://www.jianshu.com/p/f2bdec64b857,2018.11.01 22:55,字数 1662,阅读 638,喜欢 3
北欧简约清新风—怎么摆拍都，漂亮的小棕瓶（十一）,阳阳君,不知道从什么时候开始，朋友圈出现了一种美美的摆拍风，不照一张喜欢的桌布，把早晨的白米粥要装粉色的陶瓷碗里，旁边放上一个玻璃盘里面装满清洗干净的水...,https://www.jianshu.com/p/55bb71b508a5,2018.11.01 22:13,字数 918,阅读 137,喜欢 7
奶奶们想看小鲜肉，这家养老院公然请来半裸男模，暖心的背后却是现实的心酸…,沫情舒,在一个阳光明媚的日子里， 有一家养老院却像过新年一样热闹， 远远望去， 老奶奶们脸上泛着红光， 洋溢着快乐的笑容， 如同变回了少女。 再仔细一看...,https://www.jianshu.com/p/30c0b9dc8ff3,2018.11.01 20:18,字数 2007,阅读 164,喜欢 6
超级好用，相见恨晚的NICE耐斯洗护系列推荐,种草囤货美少女,每天接触的洗护产品最大使用面积的就是沐浴露啦——使用频率极高、通体肌肤大面积亲密接触，秋冬季节干燥，皮肤问题会比较明显，这个时候皮肤清洁需要相对...,https://www.jianshu.com/p/b75c46a043fc,2018.11.01 16:36*,字数 1356,阅读 3891,喜欢 84
在冬季学会给自己穿搭,安之若素_4c1b,每天早上打开衣柜，大家会不会有看到到处都是衣服，可是就是觉得没衣服穿的感觉。换季的 时候总是最尴尬，完全不知道穿什么，总是感觉自己的衣服实在是太...,https://www.jianshu.com/p/90290fb4035f,2018.11.01 13:16,字数 1048,阅读 164,喜欢 3
婚礼大作战（三）——婚礼当日流程,珈珼,虽然大部分人从小到大都参加过很多场婚礼，但真的说起来，很多人对婚礼当日的流程都是一知半解的。由于各地风俗不一致，婚礼仪式形形色色、五花八门，也很...,https://www.jianshu.com/p/ec0c9e7a5385,2018.11.01 12:35,字数 618,阅读 65,喜欢 2
冬天要到了，如何在淘宝上买到既便宜又好用的沐浴露？,小丸子的杂物集,大家好，我是小丸子，之前有很多人给我留言说想让我推荐一下沐浴露，那么今天来给你们分享一些我自己用过的价格不贵，非常好用的沐浴露，希望你们会喜欢哦...,https://www.jianshu.com/p/59b955db05ea,2018.11.01 16:00*,字数 1386,阅读 952,喜欢 24
听石老师上课,苏州的蔷薇花开,吃过晚饭出去逛街，小区门口有商家在搞活动发糖果，还是可爱的小猪佩奇戒指糖！走过路过自然不肯错过，夫妻俩占便宜一人拿了一颗，我是戴在手指...,https://www.jianshu.com/p/6563e70f71aa,2018.11.01 13:42*,字数 646,阅读 758,喜欢 7
我在家做出了好吃的芋圆仙草,姚木木木,十一期间吃了两次鲜某仙，很是喜欢，但是两碗就要50块，看着里面剩的半碗冰，心里实在是，咳咳。 于是我打开了万能的某宝，搜了一下鲜某仙，果真，无所...,https://www.jianshu.com/p/f2afc9692937,2018.11.01 10:20,字数 625,阅读 146,喜欢 4
盆栽烂根的3大表现，和急救方法，养花的人都应该知道！,蓝妖花园,养盆栽有时总难免会遇到烂根的情况，尤其是咱们的养花新手，经常会遇到盆栽烂根的情况。 那么什么情况下盆栽容易出现烂根呢？ 盆栽出现烂根，通常有下面...,https://www.jianshu.com/p/216eee638b35,2018.11.01 11:31,字数 1068,阅读 74,喜欢 1
小米有品再上新，一分钟拍床3500下，你用过床上扫地机吗,数码爵士,让螨虫无路可走，还你一张洁净的床铺：德尔玛无线光热除螨仪 已入深秋，大家不止要穿秋裤，棉被也都开始拿出来了吧，尤其是现在供暖还没开，被子一捂，在...,https://www.jianshu.com/p/487b4660db7a,2018.10.31 16:04,字数 1993,阅读 180,喜欢 1
秋冬换季，先看看2018年秋冬的时尚流行色是什么,微笑的秧秧,每年七月左右，大家熟知的全球色彩权威机构潘通，就会为我们总结好了2018下半年最流行的颜色。 今年，潘通也一点都不带含糊的，一口气给我们总结了1...,https://www.jianshu.com/p/2094ee30e205,2018.10.31 15:18,字数 1471,阅读 118,喜欢 1
小孩认真写“4”被老师打大红叉！妈妈委屈，家长们热议,幼儿说,看看你家孩子有没有相似经历？ 最近看了一个对话截图，背景是一位低年级的小朋友放学后拿着试卷，困惑地问妈妈：“妈妈，我想不明白老师为什么说我错，你...,https://www.jianshu.com/p/3106e2adfa98,2018.11.01 09:51,字数 1701,阅读 1402,喜欢 14
小米生态链再上新品，特别能吹，还能拉近与女神的距离：素士H3S,数码爵士,天气渐凉，尤其是我们北方的小伙伴，在这秋冬交替之际，还没有供暖，早晨起来的时候寒意逼人。从热乎乎的被窝钻出来，头发还保持睡趴的状态，平时都会忍着...,https://www.jianshu.com/p/06532a5c8418,2018.10.31 19:57,字数 1570,阅读 169,喜欢 1
杭州科目三路考细节攻略总结,穿石小水滴,"年纪一大把了考驾照,前面都顺风顺水走过来，科目三真是历尽艰难险阻，于是从第二次失败了开始，便将过程记录于此，以警后人，以及自己🤨。 第一次是在富...",https://www.jianshu.com/p/929c19594b1c,2018.10.31 13:54*,字数 5120,阅读 60,喜欢 1
最高の料理 2！洛杉矶最强日本料理，原来身为「最」是这样的滋味！,美食一姐小浣熊Alice,公众号：LAfoodie， Instagram: lafoodiealice， 微博：洛杉矶美食一姐小浣熊Alice 南加地处海滨，爱食海鲜，讲...,https://www.jianshu.com/p/bd53ee685064,2018.10.25 12:55,字数 5735,阅读 40,喜欢 1
这些牌子在美国买最划算 - 包包篇,美食一姐小浣熊Alice,每一个初来美国的人，心里一定都有一个想法，那就是美国是购物天堂。但是事实真的如此吗？其实也不尽然，毕竟不是所有的东西都是美国品牌，像在全世界都不...,https://www.jianshu.com/p/abab7331893e,2018.10.15 10:31,字数 3478,阅读 234,喜欢 1
百元入门电竞鼠标，竞技模式一键写入：钛度复仇者体验,数码爵士,现在游戏市场挺火爆的，你看最近的英雄联盟全球总决赛，这热度都快赶上NBA总决赛了。电竞最早没有这么受关注，直到人皇sky在WCG世界总决赛中连续...,https://www.jianshu.com/p/7060ccd9d2f9,2018.10.30 19:18,字数 1232,阅读 105,喜欢 1
深圳装修攻略-瓷砖工艺美缝产品及颜色的选择,半径运营社,大家都知道，一般瓷砖的工艺分为填缝和美缝两种啦。 填缝：是用填缝剂把瓷砖缝填上。但是填缝剂是粉质地的，并不耐脏、易开裂、不防水、不防霉。但是便宜...,https://www.jianshu.com/p/db94478c1dd5,2018.10.30 15:56,字数 769,阅读 98,喜欢 2
日常清洁与收纳-手机,倩倩Alyn,（时间：2018.10.29） 今天说说手机整理，收纳清洁不仅仅局限于家，跟我们息息相关的东西都有可能消耗我们的精力和时间，因而手机整理势在必行...,https://www.jianshu.com/p/8faea931a5f5,2018.10.30 13:09*,字数 658,阅读 288,喜欢 3
干货来啦！秋季腹泻防治全攻略,小药侠,秋风瑟瑟， 天气渐凉。 所谓 忽然一夜秋风凉， 腹泻小儿排成行。 秋季腹泻又开始肆虐了。 秋季腹泻又名轮状病毒（ rotavirus ）肠道炎，...,https://www.jianshu.com/p/76914acc0f21,2018.10.30 10:25*,字数 911,阅读 47,喜欢 1
一个被深蹲光环遮住的黄金动作，它才该是自重练腿的王牌,波普董健身,别再小看这个动作！掌握这3点，箭步蹲可是个练腿翘臀的王牌 告诉你一个不幸的消息，这篇文章后又要练腿了。 不过也不用太过担心，这次我们不谈杠铃深蹲...,https://www.jianshu.com/p/97de648f0bb5,2018.11.01 09:09,字数 1079,阅读 179,喜欢 3
爆棚的男友力——美的扫地机器人i5Extra评测,我会上天,前言 先介绍一下自己，本人是一名单身职场女性，由于工作需要经常出差。那么问题就来了，出差在外一阵子一回家常常是遍地灰尘，举手投足间扬尘映着阳光漫...,https://www.jianshu.com/p/6eabd62746fb,2018.10.29 16:15,字数 2000,阅读 62,喜欢 2
强烈推荐，我的第一个趁早笔记本,姚木木木,年初的时候逛西西弗，买了本书叫《按自己的意愿过一生》，潇洒姐王潇的畅销书。大概就写了她从读书到创业的经历，中间穿插着很多有效的方法以及对女...,https://www.jianshu.com/p/aaca36940fb4,2018.10.29 16:08,字数 2075,阅读 254,喜欢 7
有太阳就叫晒被子？99%的人都做错了！,爱斯基摩人ESKIMO,又到周一了，不知道大家状态怎样啊？反正小编今天精神蛮好，因为昨儿个睡得香啊。 至于秘诀嘛，就是趁着周末，把被子360度无死角的晒了个遍，晚上盖着...,https://www.jianshu.com/p/c5ed626a56d6,2018.10.29 14:00,字数 702,阅读 359,喜欢 5
贫民窟省钱攻略———貔貅的自我修养,理想家宋杨,1.在HM试好有合适的衣服，可以在淘宝上搜索“hm券”，一毛钱买个75折-88折的券，再付款。 点外面，再淘宝上搜“外卖券”，再点外卖，几毛钱能...,https://www.jianshu.com/p/f04df6f8ff67,2018.11.01 00:16,字数 3603,阅读 346,喜欢 14
糖心酥饼制作123，咬一口，酥掉渣,惠顾星辰,前段时间就想买一口电饼铛，只是一直纠结于品牌、功能还有价格，先是精挑细选又是权衡利弊。恰逢双十一，一直信赖有加的京东商城大促销，昨天晚上十点上网...,https://www.jianshu.com/p/225d146c1bc1,2018.11.01 07:42,字数 1097,阅读 201,喜欢 6
万圣节就该喝血袋！但肯德基怪力血袋会好喝么？｜德古拉测评,灏鲲,哟~好久不见，哎？问我是谁？是我呀，鲲·德古拉，去年万圣节才刚刚见过，想起来了吧~ 自从上次被伪装成快递员的猎人阴了之后就一直在倒霉，先被姓温彻...,https://www.jianshu.com/p/64e179c86b42,2018.10.31 23:33,字数 707,阅读 47,喜欢 1
那些年，我们追过的金庸剧,芳芳的爱美圣经,金庸先生走了，昨晚看到新闻的时候第一件事是核实，毕竟老先生被传去世已经好几次。没想到，这一次，是真的。 本来没打算写他的，写的人太多了，我文笔又...,https://www.jianshu.com/p/e20f4253f03d,2018.10.31 23:30,字数 2917,阅读 55,喜欢 0
孤独星球—彼岸花丛中的，蒙面美人,阳阳君,今天绘画的是彼岸花丛中，佩戴面纱的小姐姐，也是送给一直支持我的朋友的一副作品，几天前她问我可不可以画一幅关于彼岸花的作品。 画过很多种奇奇怪怪的...,https://www.jianshu.com/p/ae6c642d510b,2018.10.31 22:38,字数 1132,阅读 283,喜欢 7
秋冬必学交叉搭配法，省事还省钱！,超值大时尚,从秋天开始，身上的衣服越穿越多，这造成了两个问题，一是不知如何选择单品，二是不知道如何搭配，那要做到省钱，反复搭配就更是难上加难。 基本上大多数...,https://www.jianshu.com/p/1e8bd7701646,2018.09.21 23:28*,字数 1234,阅读 655,喜欢 19
逛街观察女人们身上的大衣，我发现了... ...,服装搭配美学,为了写关于大衣的文章，我专门去商场里试穿和观察女人们身上的大衣。发现了很多人共同的误区和因不在意的小细节而毁了整体的美感。 你的大衣长度是在满足...,https://www.jianshu.com/p/bec0ccba8492,2018.10.31 17:12,字数 1126,阅读 195,喜欢 2
小萌娃乔治、夏洛特要收拾房间，孩子几岁开始做家务合适？,幼儿说,几岁开始做家务合适？孩子更爱什么家务？ 自从英国乔治小王子和夏洛特小公主出生后，经常出现在人们的视野。威廉王子和凯特王妃对孩子们的教育非常重视。...,https://www.jianshu.com/p/00721a1d0295,2018.10.31 10:08,字数 1826,阅读 65,喜欢 1
绿萝看腻了？换盆四季海棠吧，花开整个冬天，养一颗年年有花看！,蓝妖花园,为了装点客厅，很多花友喜欢在家里养殖绿萝，吊兰这些绿植，这些绿植在夏季叶片翠绿非常的好看，不过一到冬天，天气转凉后，往往就不那么精神了，因为绿植...,https://www.jianshu.com/p/25316d8da45a,2018.10.31 09:45,字数 1083,阅读 172,喜欢 9
更高效的健身方式！7天去3趟健身房，竟然能练遍全身肌肉？,波普董健身,腿肩组合拳练这9个动作就够了！一周去3天健身房，练遍全身肌肉 前两期我分享了胸肌，肱三头和腹肌以及背肌，肱二头肌，腹肌三发训练。 这一期就来分享...,https://www.jianshu.com/p/c7aa8254b00c,2018.10.31 09:17,字数 1396,阅读 127,喜欢 4
爱不释手 | 初冬外套推荐集合，除了大衣之外最好穿的这几件,非鱼学姐,最近上海陷入了一种奇怪的天气，穿得多了就闷热，穿得少了，又感冒生病，这时候一件靠谱保暖的初冬外套就显得很重要了，里面哪怕穿一件棉衬衫，也能轻松抵...,https://www.jianshu.com/p/939559858144,2018.10.30 22:54,字数 1258,阅读 509,喜欢 2
一次旅行 | 想做什么就去做，比如想在洱海边醒来,宋点儿,终于有时间更新了，那就跟大家分享一下十一的大理、昆明之行，这趟旅行，完全是临时起意，导致都没在周边的城市逗留，或许还会为了香格里拉、玉龙雪山再去...,https://www.jianshu.com/p/92e79fe8d696,2018.10.30 22:58*,字数 1907,阅读 85,喜欢 3
“含胸驼背”“脖子前倾”毁太多人，6个动作找回女神气质！,喜凡尼,脖子前倾这个问题，很多人年轻人都有，经常会被人忽视。但是，它会带来一个严重的后果：丑！我们一般说的：这个人长得还不错，就是没气场，其实问题...,https://www.jianshu.com/p/f3fc39b5d688,2018.10.30 23:02,字数 624,阅读 94,喜欢 3
上海迪士尼攻略来啦,姚木木木,去迪士尼之前，我的内心是很抗拒的，因为一开始我就知道，这一定是非常辛苦的一天。事实证明，真的真的要做好充足的准备。 前期工作： 1 ，提升体力的...,https://www.jianshu.com/p/6a4eec195f3f,2018.10.30 23:36,字数 1444,阅读 46,喜欢 3
婚礼大作战（二）——婚礼音乐篇,珈珼,一直觉得，音乐是人类很伟大的智慧结晶。很多时候记忆会随着时间变得模糊，但只要响起那熟悉的旋律，回忆就会如海水般带着熟悉的味道回到脑海里。因此，如...,https://www.jianshu.com/p/064f82f297f7,2018.10.30 23:45*,字数 1527,阅读 116,喜欢 3
雅诗兰黛 · 抗蓝光眼霜 | 点评,莫嫡Morettie,【引子】 莫叔，想问一下雅诗兰黛新出的抗蓝光眼霜是不是有用啊？还说可以淡化黑眼圈 先不说这款眼霜能不能抗蓝光，当我们第一次听到它时， 绝对会记住...,https://www.jianshu.com/p/6ff3c701a5d4,2018.10.31 07:46,字数 1422,阅读 148,喜欢 2
孤独星球—“欲言又止”的小姐姐,阳阳君,今天绘画的依旧是身披飞纱小姐姐，最近比较喜欢这种飞纱下朦胧而又坚定的身影。小姐姐的嘴巴微张，向想我们讲述自己的故事。 语言是我们日常运用最多的无...,https://www.jianshu.com/p/f361acef7053,2018.10.30 22:59,字数 1219,阅读 58,喜欢 4
又给女人加标签：不涂口红的你，和男人有什么区别？,芳芳的爱美圣经,今天看到一句话：不涂口红的你，和男人有什么区别？ 按照京东美妆这个逻辑，不涂口红的是男人，涂口红的是女人咯……原来性别是由口红决定的。 你们老板...,https://www.jianshu.com/p/e10960fc6400,2018.10.30 22:46,字数 818,阅读 327,喜欢 5
摆脱失眠，就看这篇,五四青年SZ,失眠这个事儿，估计这辈子谁都会遇到几次 我记忆特别深刻的一次失眠发生在我读研那个时期，那次的失眠持续了一个月，那段时间真的是想想都是昏暗的，每天...,https://www.jianshu.com/p/0e20bbe14c4a,2018.10.30 21:54,字数 491,阅读 91,喜欢 2
生命只剩下365天，这位父亲狂吃药来续命，只为了弥补亏欠的时光…,沫情舒,“我患了癌症，只能活一年了。 但是我答应过我儿子， 要在暑假陪他去想去的国家旅行， 他选择了日本。 所以，现在是我和我儿子的最后一次旅行。” 在...,https://www.jianshu.com/p/4d5c943a2caf,2018.10.30 20:37,字数 1887,阅读 51,喜欢 2
川崎火锅调料，是日本人发明的吗？,吃喝玩乐事儿,可能很多四川、重庆的朋友，在东部城市吃火锅时，会发现两种莫名其妙的火锅调料。 麻辣川崎、海鲜川崎。 看起来就好像，是来自日本的调料，吃起来有点辣...,https://www.jianshu.com/p/b26a7e54f30d,2018.10.30 09:52,字数 2641,阅读 117,喜欢 2
虫子快滚开！做好三个小细节，让你的鱼缸远离寄生虫的骚扰,哗仔说鱼,对不起，我不是哗仔！ 欢迎大家再一次回到这个有点不一样的哗仔说鱼专栏。 我就是人见人开心鱼见鱼欢喜的哗仔小助理鳞鳞。 今天哗仔休息，我来代班。 ...,https://www.jianshu.com/p/5d1aa54f8a88,2018.10.30 09:30,字数 1908,阅读 147,喜欢 2
第7篇 好住需有“杂物房”,伪女权的全职妈妈,图&文：伪女权的全职妈妈 普通人家喜欢大宅里有“杂物房”，无非是它提供足够的空间收纳，并且有门遮挡，哪天客人突然造访也不怕。 但紧凑户型的住宅，...,https://www.jianshu.com/p/d4229f8abbe1,2018.10.29 15:31,字数 579,阅读 148,喜欢 2
想挑选一瓶真正的好蜂蜜，那你必须绕过这4个大坑！,秦岭一白,很多人喜欢蜂蜜却又不敢去吃，因为觉得市场上假货太多，吃个蜂蜜搞得跟“以身试药”般忐忑不安。其实，想吃口放心蜂蜜，品牌靠不住、良心靠不住，只有自己...,https://www.jianshu.com/p/f0ea2e112fe3,2018.10.29 17:31,字数 1136,阅读 102,喜欢 2
干货帖！如何写出美出天际的字！,NolanBaoBao,前段时间写了一篇《练字！2000个日夜的坚持，换回来的东西真的很美》。我也没想到会有那么多人喜欢呀！投稿以后就没管了，今天早上正好想搜索一点资料...,https://www.jianshu.com/p/2ac935ac6816,2018.10.29 17:42,字数 1265,阅读 126,喜欢 2
一颗金桔两种吃法，零食也是Ta，果茶也是Ta,沐白妈妈,秋冬季节 又到了气候干燥、容易咳嗽时候 去超市每每看见小巧可爱金黄色的金桔 就莫名欢喜 冥冥中有个声音一直告诉我 把金桔买回家吧 嗯... .....,https://www.jianshu.com/p/6a80764dca37,2018.10.29 18:30,字数 967,阅读 74,喜欢 2
分享一波值得在双11剁手的零食们～,筱厨君,emmm……不好意思，今天又想来种草一波零食。 因为最近家里装修，短租的地方又不太方便做吃的（没有厨房），所以我就暂时转移下兴趣啦。 毕竟，多尝...,https://www.jianshu.com/p/3c1da80fea12,2018.10.29 21:31,字数 1843,阅读 282,喜欢 3
这才是真厚道！联想K5pro测评：千元影霸上演诺曼底登陆,智科技,没有永远的日不落帝国，即使是曾经站在行业巅峰的巨头们也难免会有落幕的一天。在国内智能手机市场独霸一方的联想，几经浮沉，如今正王者归来！ 先是在2...,https://www.jianshu.com/p/b0cf53b91aad,2018.10.29 21:51,字数 3206,阅读 245,喜欢 1
机箱也有探索版，三面玻璃搭配RGB灯效真耀眼：酷冷MB530P体验,数码爵士,现在的手机越来越漂亮，之前是流行双面玻璃，后来又变成渐变色，直到今年的小米把它升级成透明探索版，能看到手机内部的零件，让人感觉很极客很酷的样子。...,https://www.jianshu.com/p/c42135dd2477,2018.10.29 22:50,字数 1523,阅读 46,喜欢 1
幼儿心理：如果孩子太小，还是远离万圣节吧！,幼儿说,别以为万圣节很搞怪，对小朋友可能不是那么回事。 万圣节来临，商场挂了很多万圣节的装饰，如果你仔细观察，还能偶尔看到有小朋友戴着巫婆的帽子，或戴着...,https://www.jianshu.com/p/a679c5c7cb97,2018.10.30 09:10,字数 1801,阅读 87,喜欢 2
护肤品界的爱马仕ceruru.b泡沫面膜，适合熟龄肌抗老修复,大表姐的异想世界,哈喽，大表姐又来溜达了。 偶然一次被日本的闺蜜种草，传说能够吊打pola的泡沫面膜ceruru.b。 按照惯例，先来说下个牌子，毕竟小众，还是要...,https://www.jianshu.com/p/3e6d3b892196,2018.10.26 18:14,字数 385,阅读 40,喜欢 2
九十月爱用品大集合,桑塔露露的礼物盒,最近有小伙伴表扬我们更新很勤快，咳咳，终于有人发现我们的努力了（骄傲脸） 趁着双十一还没到继续种草，最近俩月的心头爱，统统安利给你们！ 丝芙兰 ...,https://www.jianshu.com/p/1fe8e068aa89,2018.10.29 09:20,字数 1796,阅读 95,喜欢 2
圣雪兰 · 玫瑰洁面泡沫 | 点评,莫嫡Morettie,【引子】 莫叔，能点评一下圣雪兰3D玫瑰花洁面泡吗？ 1. 玫瑰泡 这款洁面能按压出1朵玫瑰花形状的泡沫，如下图 是不是很神奇... 这得益于泡...,https://www.jianshu.com/p/3bcf183740a0,2018.10.29 08:40,字数 643,阅读 130,喜欢 4
为什么几乎人人都能养活宠物猫，却养不活宠物鱼？真相驾到了,哗仔说鱼,人生乐活三万天， 撸猫赏鱼好华年。 撸猫之福皆可享， 赏鱼之乐难上难。 对不起，我是哗仔！ 欢迎小伙伴们再一次回到这个有点不一样的《哗仔说鱼》专...,https://www.jianshu.com/p/07d2f4509938,2018.10.30 09:06,字数 1656,阅读 391,喜欢 7
亲测7个能有效提升工作日效率的晨间窍门,怪力大灰猫720,「Start」 有这样一种观点，生活中不怕累，怕的是一天比一天更累，怕的是精力和动力的消耗不可持续。 每天早晨起床后往往疲惫不堪的时候，我们往往...,https://www.jianshu.com/p/d2a458e75963,2018.10.29 00:17,字数 2342,阅读 344,喜欢 13
一叶知秋｜教你手机3步拍美”秋天落叶“！,岳小月是我,几场秋雨过后，满地落叶，提醒我们，这个秋天要悄悄的离去…… 最近我们讨论最多的就是“如何拍美秋天”，从如何拍出秋意，到如何拍出多彩的秋，有层次的...,https://www.jianshu.com/p/547843a710b8,2018.10.28 23:35,字数 679,阅读 816,喜欢 26
来自滑板少女的 “腿活儿”,長樂CHANGLE,"“ 众 生 皆 苦 , 人 间 不 值 得 ”——長樂 CHANGLE KoHyojoo高孝周 ┃KoHyojoo —— 长板女神高孝周 相信...",https://www.jianshu.com/p/afe49e535c1b,2018.10.27 11:13*,字数 1083,阅读 29,喜欢 1
我做的手账太平凡，还要继续下去吗？,桃子西瓜酱,很多人喜欢做得精美漂亮的手账，有洋气的排版，漂亮的水彩，可爱的字体，旅行的不羁，日常的小确幸等等，每当看到这样的手账，我也对着屏幕流口水，感叹人...,https://www.jianshu.com/p/c16266f097bf,2018.10.29 16:40*,字数 2838,阅读 255,喜欢 11
四种高颜值又保暖的单品来温暖你的衣柜，第3个真是需要人手一件！,安甜橙树,秋天虽然在直男看来只是加一件外套的事，但如果你有一些温暖的小物来加持，比如风衣、披肩、开衫、连衣裙，一定会立马显得跟别人不一样了，细节感满分。 ...,https://www.jianshu.com/p/68eb3ca44f06,2018.10.29 23:27,字数 1209,阅读 124,喜欢 2
双十一有啥值得入手的高性价比服装单品？（附链接）,非鱼学姐,上周更新了 《优衣库、MANGO双十一有什么值得入手的折扣款？（精心挑选+链接）》，今天我们继续来推荐一波漂亮实穿的衣服。 店铺：Earthmu...,https://www.jianshu.com/p/6a031bfe5ac2,2018.10.29 22:12,字数 1803,阅读 145,喜欢 1
如何挑选大闸蟹,舌尖上的海味,在长江流域，每到“九雌十雄”的吃蟹时节，参考以下方法可帮助你挑选到优质大闸蟹。 1、看：蟹甲的颜色与其生活环境息息相关，青色背甲色泽均匀，反映大...,https://www.jianshu.com/p/0f9508488e8a,2018.10.29 22:46*,字数 373,阅读 109,喜欢 1
一张破旧五毛钱纸币上了热榜背后，值得父母们思考,幼儿说,一张破旧五毛钱纸币上了热榜。 两位小男孩在广场玩耍时，捡了一张五毛钱纸币，爸爸妈妈老师经常教育他们，要做好事和拾金不昧呢。两孩子在家长的鼓励下，...,https://www.jianshu.com/p/e155c2c8d6d4,2018.10.29 09:28,字数 1995,阅读 28,喜欢 1
新生儿黄疸，1个正常生理现象,莫嫡Morettie,【引子】 莫叔，求扒一下新生儿黄疸的问题 引起黄疸的原因有很多， 今天要说的是新生儿黄疸，我们从一个妈妈的经历说起。 1. 黄疸 昨天上午孩子出...,https://www.jianshu.com/p/4b0240a55bda,2018.10.30 08:06,字数 1330,阅读 375,喜欢 4
胸肌潜力挖掘术，1个器械，4个要点，助你练出窄到夹纸片的胸肌,波普董健身,龙门架夹胸这样练不难！学对4个要点，让你的胸肌中缝窄到夹纸片 当胸肌有了一定规模之后，当务之急就是把胸肌修饰的更加好看，此时就要相对注意胸肌的轮...,https://www.jianshu.com/p/b68b893f8476,2018.10.30 07:49,字数 1024,阅读 65,喜欢 3
用了这么多面霜之后，我发现这十款最适合在冬天用,芳芳的爱美圣经,国内有些地方已经进入秋冬，很多小仙女可能感觉到皮肤比夏天干燥很多。 这个时候，非常需要一款保湿好的面霜来对付寒冷的冬季，你才能拥有水嫩的好肌肤。...,https://www.jianshu.com/p/98a2067a2e71,2018.10.29 23:08,字数 1959,阅读 989,喜欢 21
孤独星球—飞纱半遮面，漂亮小姐姐,阳阳君,我们每个人都有给别人特别的第一感觉，有人是高冷的禁欲风，有人是三冬暖的柔和风，有人是和蔼可亲的亲切风…… 这多数是给人的第一感觉，相处久了之后，...,https://www.jianshu.com/p/c8ec90d9c7b1,2018.10.29 22:25,字数 528,阅读 259,喜欢 11
他是一名外卖小哥，却也是WBA拳王金腰带得主，哪有什么岁月静好，只是有人负重前行,沫情舒,张方勇，1993年5月出生于重庆市云阳县沙市镇。 这是个什么地方呢？被人们称之为留守儿童之村，在15岁之前，张方勇每年都很少能见到父母，整个幼年...,https://www.jianshu.com/p/bb111936317c,2018.10.29 20:51,字数 2564,阅读 62,喜欢 2
别小看了这碗粥，健脾又养胃，好睡眠好气色，全都喝出来,惠顾星辰,不知不觉年龄在增长，脾胃功能却开始变差。晚上睡觉容易失眠多梦，皮肤也是失去了原有的红润和光泽。也难怪，年轻时为着父母，成家后心疼着爱人，自从有了...,https://www.jianshu.com/p/381b8a4688b1,2018.10.29 19:40*,字数 964,阅读 560,喜欢 18
有村落的地方，就总还有坚守,旅行蛋,——大王带我来寻柿果山 有人的地方，就有江湖；有村落的地方，就总还有坚守！ 一个阳光明媚，秋高气爽的惬意日子，大王带我走进金秋月柿漫山遍野的桂林...,https://www.jianshu.com/p/a4de8f21b92d,2018.10.29 15:30,字数 1544,阅读 74,喜欢 4
偷得浮生半日闲,苏州的蔷薇花开,昨夜问女儿：明天吃点啥小菜？ 女儿说：随便。 我说：这随便其实最不随便，菜场上哪里有卖随便这样菜？你倒是说个名字，我也省得...,https://www.jianshu.com/p/1f00aa891fdb,2018.10.28 22:40*,字数 1861,阅读 919,喜欢 15
自由深蹲效果差又无趣？学会这5个练腿动作，增肌促睾样样领跑！,波普董健身,谁说在家练不好大腿？5个动作，增肌促睾样样好，你可能没见过！ 练腿是无数健身者的噩梦，但每个人又对它爱不释手。 去练就得忍受住火山一般难熬的痛苦...,https://www.jianshu.com/p/1411e7e3d0f3,2018.10.29 07:06,字数 1081,阅读 182,喜欢 8
双11：网购普及的今天，你踩过哪些暗坑？,辛晴说,今天刷朋友圈时偶然看到一位小伙伴分享的网购经历，看完真叫人哭笑不得。 的确，双十一的氛围已愈演愈烈，从买家的“双11战绩回忆录”到打地鼠抽奖，再...,https://www.jianshu.com/p/0835042d3bd8,2018.10.28 20:33,字数 3102,阅读 303,喜欢 4
如何克服“拖延症”,圆一梦,大学时期是我拖延症最严重的一个时期，相信很多人跟我一样，作业要在临上交前一个小时才匆匆补完，题目要在临考试前一个晚上才开始复习。 值得庆幸的是，...,https://www.jianshu.com/p/be27eb62058c,2018.10.28 18:01*,字数 2298,阅读 178,喜欢 3
蓝妖：冬天就养这6种花，小阳台变花园！,蓝妖花园,这段时间一直阴雨，让人有一种冷飕飕的感觉，看看日历，这马上也是要进入冬季了。小伙伴们你们阳台上的花，在开的还有多少呢？ 经过一个夏天的折腾，是不...,https://www.jianshu.com/p/66c3195cc4fb,2018.10.28 10:31,字数 1114,阅读 245,喜欢 8
说句实话！在鱼缸里放这种宠物鱼药，这样的傻事，我才不会干呢,哗仔说鱼,以上的视频就是《哗仔宠物鱼开箱》第37集。 敬请关注哗仔说鱼简书专栏。,https://www.jianshu.com/p/0bcba1d61dfb,2018.10.28 09:34,字数 33,阅读 49,喜欢 3
杭州上海六日游——和家人一起旅行,saturday西西,我在北，父母在南，今年中秋没回家，选择与父母旅游过节，此次旅行特别愉快。 我之前也没去过杭州上海，所以认真看了一些攻略，根据自己与家人的喜好和时...,https://www.jianshu.com/p/fa1ea2853bd8,2018.10.27 22:50,字数 1821,阅读 117,喜欢 4
既想熬夜修仙，又想抵御衰老？看看这篇就知道啦❤️,胡子_yu,Hello小仙女们好，我是胡子~ 第一篇文章，是因为最近自己熬夜了一段时间，皮肤差得不行，所以做个总结。 虽然很多文章一再强调“早睡早起”最有利...,https://www.jianshu.com/p/a1c24f088e34,2018.10.27 14:44,字数 1657,阅读 117,喜欢 3
分享|「宜家」好物二十元篇,杨煜果,让大家久等了~ 上期和大家分享了宜家十元以内的小物件，这期就来分享一下宜家二十元以内的好物。 1.希纳（附盖储物盒，白、黑、粉色） ¥14.9 ...,https://www.jianshu.com/p/1fa1f4fa5bbb,2018.10.27 11:16,字数 1043,阅读 665,喜欢 17
全世界都在做的平板支撑太枯燥？4个变式动作，练嗨你的腹肌！,波普董健身,1张瑜伽垫，4个动作，让你趴强核心，趴掉脂肪，趴出腹肌！ 平板支撑这个动作大家肯定都做过，可以说是非常简单的健身动作了，真正实现了趴着健身，趴着...,https://www.jianshu.com/p/11cbef70648b,2018.10.28 07:48,字数 894,阅读 235,喜欢 6
北欧简约清新风—“绚丽多变”的天空,阳阳君,——《答案》 这是我最近比较喜欢的一首歌当中的一段歌词，一些小情绪会的比较突然让人始料不及，就...,https://www.jianshu.com/p/7a3a48eed2ac,2018.10.27 22:57,字数 1099,阅读 233,喜欢 8
红酒与洋酒的区别，这篇文章讲得淋漓尽致！,吃喝玩乐事儿,餐桌上，总会遇到这样的人。 仗着自己久经酒场，喝过的酒比别人多，就在酒桌上摆老资格、老前辈。说起话来，都是一套套，摆出来的架势，就好像在跟你说，...,https://www.jianshu.com/p/853dcaafad67,2018.10.27 21:52,字数 2159,阅读 169,喜欢 6
双十一购物清单 | 什么值得买第一波,璇玑穿搭,截止到目前为止，我还没凑上双十一的热闹，一单都没买，可能经过这么多年的洗礼，也进化成一个理智的消费者了？（不存在的，毕竟距离双十一还有好多天） ...,https://www.jianshu.com/p/dacaf19b68be,2018.10.27 21:22,字数 2273,阅读 494,喜欢 5
皱纹纸“勿忘我折纸花束”的做法 裹上鲜花包装纸200%逼真,子龙花卉折纸,今天我做了一个很大的改进，把我自创的皱纹纸勿忘我花束配上了鲜花包装纸，一下子感觉高大尚起来了，图1-3展示如下。第4张图片是教程。 这里...,https://www.jianshu.com/p/610623bdf731,2018.10.27 16:23,字数 670,阅读 116,喜欢 10
泡面小食堂分享一些吸引顾客的方法,加盟泡面小食堂,泡面小食堂的加盟商们一直都希望可以找到更好的办法去运营一个泡面小食堂加盟分店，让自己的泡面小食堂加盟分店能够吸引更多的顾客，让自己可以通过泡面小...,https://www.jianshu.com/p/4b15630c36dc,2018.10.27 16:09,字数 555,阅读 91,喜欢 3
泡面里自带蘸酱什么的太犯规了吧！全球十大泡面测评第三波,灏鲲,前情提要：上次吃了Hans Lienesch世界十大方便面里来自槟城的两款，马来西亚的方便面果然非常有地域特色，让我看不透 今天吃的方便面一款来...,https://www.jianshu.com/p/76002475644c,2018.10.27 13:54,字数 1344,阅读 207,喜欢 5
日常送礼物的清单（女性篇）,舞法舞天,非广告贴，而是根据本人这几年送礼物的经验，随时记录分享，并将长期更新。 针对对象：关系比较好的朋友、姐妹、妯娌，碰上生日、节日或者日常出行回来送...,https://www.jianshu.com/p/d48a442d6561,2018.10.26 14:23*,字数 2820,阅读 324,喜欢 7
极简生活，我是行动派（分享帖）,夜未央元气Merry,看到很多人都在关注我的文章，心里暖暖的。趁这个机会，我分享下这半年旅居国外的极简经历。 极简不仅给你带来发自内心的精致，更会让你专注更高品质的追...,https://www.jianshu.com/p/f1c540ce596c,2018.10.26 13:57,字数 1695,阅读 429,喜欢 7
